asin,rating,title,text,verified_purchase,label
B00004U8G0,5,,if you love listening to motivational tapes want to switch to listening to talk radio and then relax with a cd then this is the baby boombox for you with a remote control what more could you ask for i found this to be very reasonable it makes you almost want to buy two my husband steals mine to take with him when he does open houses in real estate so i just might have to get him one for his birthday i need my entertainment while working on my computer yes i need to get better speakers for my laptopi knowthe rebecca review,True,2000-10-07 14:21:50.000,ease of use
B00004WGNF,5,,im just an amateur when it comes to photography all i really want is an easytouse pointandshoot camera that i can take on vacations to snap shots of places i find interesting to use around the house to take photos of valuables for insurance purposes etc in other words my expectations are pretty minimalthat said im extremely happy with the kodak dc3400 this is my second kodak digital my first was a dc240 so obviously im pleased with the kodak product lineafter unpacking the dc3400 i spent about 10 minutes getting it set up and proceeded to take a few pictures another 10 minutes or so and i had the photo software loaded on my laptop connect the usb cable and i was able to load the photos onto the laptop immediately the camera shows up as an icon like a disk drive which you can doubleclick to open and transfer the pictures to a folder on your hard drive piece of cakethe quality of the pictures is amazing i use the ofoto service and had some prints of some of my digital photos sent to my mother according to her you could not tell the difference between the digital images and those taken with a 35mm film camera the colors were vivid the images sharp just what youd expect from the kodak nameill agree with most everyone else and say that batteries might be the only downside to this camera its definitely worth the investment to get the kodak nimh rechargables and the charger the only time i use nicads is when im my nimh set is in the recharger and i need to snap a few picturesfor the money i dont think you can top this camera in terms of features quality and ease of use,True,2001-08-11 00:26:51.000,ease of use
B00003G1RG,5,,if you can get only one addon for your digital camera let it be this onei took my kodak digital camera decked out with this 128mb compactflash card on a 6week road trip i used the quotmiddlequot quality setting for the pictures and managed to take over 130 photos the equivalent of 56 24shot rolls of film filling not anywhere close to half the card at that setting the card will store over 300 photosim not a digital photography technoid by any stretch of the imagination i just like capturing memories of the places i go and the things i see having the extra memory afforded by this little card meant that i could relax and not worry about running out of space for all my photostransferring the photos to my laptop was a piece of cake and took very little time partially a function of the cardi highly recommend this as the first accessoryupgrade you purchase for your camera,True,2001-12-06 18:30:01.000,ease of use
B00000J4BC,2,,this is an ok unit and if you want the nifty remote control learning feature it switches source whenever it detects you using a remote for a differnt source but it forces you to have all svhs or all compositerca connection not a mixture as is the case for nearly all of us for example your dvd player will have svhs but your vcr is 99 likely to only have compositerca this box does not convert compositerca to svhs if you get stuck dont scarafice your digital sources quality,False,2001-12-12 01:46:38.000,Price
B00004WGNF,4,,the camera is very easy to use and takes very nice pics it has nice options like sepia modegives the photo a old fashion look like brown tone and bw mode i bought a 32mb memory card a few days later the 8mb it came with will hold about 25 pics on middle resolution and with the 32mb card it will hold about 77 pics at the same resolutioni would say the only negative things about this camera are the readytoshoottime after turning it on is about 5 or 6 seconds mainly due to extending the lens out and it takes about the same time to store pics in the memory card after each shot but then again how often do you need to take rapid fire shots anywayoh yeah one more thing is that i highly recommend buying an hp photosmart printer they have a memory card slot built in so you can bypass your computer if you want or you can download the pics into your computer that way also,False,2001-12-12 20:33:53.000,ease of use
B0000507JG,1,,this product worked fine for a few months of light use then during playback the optura pi started adding image and audio noise to the tapes one treasured video partially ruined,False,2001-12-27 06:59:56.000,noise
B0000632S9,5,,with features like builtin ethernet networking no more relying on a phone line the ability to send shows to your friends and receieve shows too missed friends last week someone out there will send it to ya the fastest processor found in a dvr sleek attractive design a great remote and commercial advance no more commercials ever dont even consider getting a tivono monthly subscription fees to pay for a failing company to try and stay in business a few more weeks tivo no more phone line hassles tivo no more cartoony nonsense that looks like something your 5 year old should play with tivo and no more need to hack the unit to get the features you want tivoso much more than a vcr it offers you a completely new way to watch television forums abound for the replaytv so tips tricks and advice are just a moment awaybuy more than one and watch the shows from either at either location the beauty of the ethernet porti know this sounds like an advertisement but anyone reading this review is asking my personal opinion replaytv is the best high end piece of equipment in your stereo home theater systemdid i mention it has a vga output for your projector or progressive input tveveryone who owns it loves it dont get stuck with a brick when tivo goes out of business replaytv is owned by a huge company sonicblue who also owns govideo rio and diamond multimedia makers of video cards sound cards etc,False,2002-03-06 01:41:37.000,speed
B000067DKI,5,,i researched many cameras in stores and on line i wanted high pixel lots of zoom and movie with sound nikon 5700 with 8x zoom is more expensive and was not available nikon 5000 does not compare in the zoomi was sold on the minolta i am still experimenting with all the amazing features automatic does a great job i recommend reading the manual several times actually i study the manual and then practice on the actual camera i bought an ac adapter and run an extension cord and practice on that and not use up the batteriesplus walk around the rooms taking pictures connected to the ac adapterthis camera is like buying a small computer i love it it is the best buy out there for a 5 pixel with the 60 second movie with sound i love the macro switch for close up work there is even a menu to shoot black and white if you need to do some art work you can change so many variables and even label your files that will come up on the pc when you download in the ldc screen there is a small keyboard that shows up so you type in your own name to a photo file i also bought a compact flash reader that connects to your usb and i dont even have to download from the camera plus with my printer i can just put in the card and print directly i also bought a compact flash card with more mb it comes with sanyo rechargeable batteries and the recharger i cant say enough about how please i was to find this camera and actually a review like this about a dimage 7 helped me realize the dimage 7i is the newer model with sound for the movie the investment of 1000 is worth it this cameras technology will be around for a long time have fun,False,2002-06-20 21:05:28.000,ease of use
B00006B7LO,5,,this device is a no frills highvalue peripheral that you can literally plug in and use to transport files or extend your file systemunlike some other usb flash memory devices that come with password protection and additional utilities this one is simply storage with no features beyond that the value stems from the cost which is among the least expensive of the devices i considered one unique feature that i especially like is that it does not require drivers for windows 98 all other usb flash drives i considered required them although i havent tested it the manufacturer claims that it is compatible with all versions of windows from 98 to xp and also for the mac osi initially purchased mine to use for transporting files but found that the best use for me was to use it as file system extension for my email client this works remarkably well for me because i use both an ibm thinkpad and a sony viao laptop both of which are running windows 98 se and synchronizing email between the two machines is a chore i now have my email client configured to store my email on the flash drive and plug the flash drive into whichever of the laptops i happen to be using at the time this alone makes the flashdrive invaluablenote that on some systems with sidebyside usb ports that the flashdrive may prevent you from using the other port because of its width my thinkpad has a port in the rear and one on the right side so that didnt pose problems but the sony laptops usb ports are close together and when the flashdrive is plugged i couldnt squeeze the connector for my mouse into the adjacent port i solved this by purchasing a miniusb hub that is powered by the usb port but this is something you need to know before purchasing this particular flashdrivedespite that minor problem i am pleased with the device and am especially happy that i now have a solution to the email synchronization problem that has plagued me for years,False,2002-10-04 10:46:01.000,storage
B00006B7CT,5,,through no fault of this excellent product i was only able to use it for a week i inherited an old lexmark z11 inkjet that i wanted to share between two laptops in my corporate apartment but wound up replacing the lexmark with an usbonly printerwhat makes this such an excellent product is the ease of installation and the fact that it flawlessly works installing it consisted of attaching the device directly to the printers parallel interface connecting an ethernet cable to the rj45 port on the other side of the print server running the cd rom installation and being able to immediately print to a shared printerone of the things i most like is the installation and configuration utility that ships with this device you get an administration program you can also access and administer the print server through a browser or through a telnet session and an add printer wizard that makes configuring other computers on your network easy in fact the add printer wizard is a quantum improvement over dlinks earlier pocket print server products i own an older model and setup and configuration was somewhat confusing which is no longer the case with their newer software i also link the small power supply which takes up little space in a power strip or on an upsoverall this is a high quality product that has a plethora of features it supports windows networking appletalk and tcpip and it can be managed via browser of by using tcpip telnet and can be installed and configured by a novice,False,2002-10-12 17:24:17.000,ease of use
B00006HMR3,5,,im using this device with a motorola surfboard cable modem to connect to the internet im communicating with it using a linksys wpc11 wireless pc card from one laptop and a direct ethernet connection from another its worked flawlessly from the moment i unboxed and set it upsetup and configuration is simple and straightforward connect to it via any browser using the default address given in the instruction manual select your connection type fixed or ispassigned ip address and cable or dsl and youre ready to go using these settings i was on the internet within minutes of getting cable modem service however the device has many more options and parameters that you can set to provide additional protection to block workgroup users from certain sites and to make services such as a web server using a private address accessible from the internet more importantly you can configure it for remote administrationthere are a few minor annoyances although part of the configuration is to set your time zone it will not give the correct time unless connected to an outside dsl or cable model service i suspect it uses network time protocol for to keep time another annoyance is the fact that it logs every event even if you turn off security these are not genuine problems and certainly dont detract from its functionality or reliabilityfrom a performance standpoint mine has been so reliable that i take it for granted i also have had no problems with it dropping wireless connections that were reported by others it came immediately up as soon as my wirelessenabled laptop was turned on after three and the laptop immediately connected and was communicatingif you are considering this device for a small workgroup you should consider the smc wireless 4port cabledsl router with print server asin b00005ark4 which works identically to this model but includes a builtin print server,False,2002-10-12 19:37:50.000,durability
B00006B9EW,5,,the fixed 16 mb which cannot be upgraded or swapped out makes this camera suitable for entrylevel buyers or those on a budget but who want a digital camera with a suite of features and softwareits the features that make this camera such a value it can function as a webcamvideo conferencing camera a digital camcorder although youre limited to 3 minutes and 20 seconds of relatively lowresolution 320 x 240 video with voice annotation and a digital still camera that can take 450 shots at 640 x 480 or 2000 shots at 320 x 240 resolution it can also serve as a voice recorder that can hold up to 30 minutes of voice only recordingin addition to the features that are built in the camera also comes with an uptodate version of microsoft netmeeting ulead photoexpress 30 photo editing software ulead cool 360 panoramic creation software and ulead photo explorer to manage your photosif you are a casual user or primarily want a webcam that can sometimes function as a still camera or camcorder you may not outgrow this device however if what you really want is a digital camera but want to start with a modestlypriced starter camera youll probably love it it installs easily and performs to specifications two of the most important features of any camera in any price range,False,2002-10-14 05:45:09.000,storage
B00006B9ES,5,,i am pleased with this print server for a number of reasons administration is webbased and setup is simple and straightforward if youre experienced the documentation is a bit too terse for the nontechnical home user who needs detailed guidance you get two usb ports and one parallel port making this both flexible and an added value if you plan to locate all of your printers in the same space the added value stems from the fact that most singleport print servers are in the same price range and almost all of them only support printers with parallel ports it works in network environments based on microsoft windows netware macintosh unix or any combination making it standardscompliant and open i especially like the stepbystep instructions on the manufacturers web site for integrating this device into linuxbased lans it can also be queried and managed via snmp in an enterprise networki am less pleased with the supporting web site although it is rich in useful content and has uptodate driver downloads well written faqs and a wealth of technical information for linux and unix users the pages do not display properly in netscape 4x considering the excellent unix and linux support for the product and in the faqs this was a surprise since most of those users will be using netscape 4x as their browser this is more of an inconvenience than a problem howeveroverall this is one of those rare products that does exactly what the manufacturer claims it will do and it works flawlessly,False,2002-10-21 04:33:21.000,ease of use
B0000608R3,5,,this device isnt for everyone but it fits my needs perfectly it represents my third attempt to find an affordable easytouse solution to getting scribbled meeting and design notes and drawings into my computer for quick dissemination to interested parties and stakeholders ive previously tried the at crosspad no longer made and the logitech io personal digital pen asin b00006jp23 each of which fell short for various reasonshere is how i use it during meetings i take notes do sketches user interfaces highlevel system design diagrams etc and list followup items this material is automatically beamed to my palm vx as pictures of the sketches andor notes i upload these to my pc and email them as attachments this gets information out quickly which can be followed up later with more refined notes transcribed into a word processor by hand or better drawings i use visioit does one thing only captures pictures of what you write on plain paper and it does that exceptionally welli liked the easy setup the fact that it comes with a qwerty tap keyboard its under the pad and performs as advertised if your needs are similar to mine stated above and you have either a palm or pocket pc pda you will probably love this notepad however it does not perform optical character recognition so it that is what youre seeking you need to keep looking,False,2002-12-08 06:52:21.000,ease of use
B00005JLS3,5,,it has to be said although im a twentysomething i still love to watch nickelodeon cartoons my absolute favourite being the wild thornberrys ive seen every episode many more than once and i was a little skeptical at the thought of a fulllength animated moviehappily the movie far surpassed my wildest expectations the animation looks great including the use of several cgi elements not present in the series at some moments it reminded me of the lion king there is enough background information included including the opening credits of the series that newcomers wont feel left behind the whole thornberry gang is here including the addition of nigels parents and several new characters as well the voice work is fantastic including such wellknown names as tim curry as nigel red hot chili peppers flea as donnie rupert everett as the baddie and marisa tomei the music is an eclectic mix of traditional and modern featuring such talents as sting dave matthews p diddy and brandy youssou dnour sting baha men nick carter peter gabriel and hugh masekelathe story finds eliza thornberry a twelveyear old with the magical ability to talk to animals on a hunt for migrating elephants with her family who are awardwinning naturalists elizas older sister debbie is a moody pop cultureobsessed valley girl who hates all the wilderness trekking donnie is the bornean wild boy that the thornberrys adopted who is always causing trouble by making messes and stuffing things up his nose or down his pants darwin is elizas best friend a chimpanzee with very human tastes including his obsession with cheese munchies eliza starts out playing with the cubs of a cheetah friend but when one of them is stolen by a poacher eliza must rescue him however her parents send her to a london boarding school where eliza is miserable and doesnt fit in the rest of the movie youll have to see to believethere are some scary chase scenes wounded animals and tense moments that might upset younger viewers but overall the thornberrys movie does an excellent job of bringing the show to the big screen while remaining faithful to the humour excellent ethnic music and magical elements of the original series one of the things that i love the most about the wild thornberrys is that the episodes take viewers all around the world and the shows producers try to avoid ethnic stereotypes with the various characters as well as adding authentic music and traditions this is one cartoon that is witty educational and downright fun for the whole family theres something for everyone with the wild thornberrys movie,False,2003-03-06 01:21:05.000,heating
B00006Z95D,4,,ive used it for a couple days and my first impressions are very good its a bit difficult to figure out just how to get it onto your ear so id recommend you practice a bit before you try it when youre in the car after its in however it feels natural and its so so wonderful to not have to hold anything or dangle anything when youre talking when im at home i can leave the phone on its charger and walk around talking the sound starts to break up when im in the next room but thats over 15 feet away and through a plaster wall overall im impressed with the rangei feel the designer should have paid more attention to the tactile feel of the control buttons when youre trying to reach behind your ear to press the answer button or adjust volume its hard to know which button youre pressing or even whether or not youre pressing a button its something ill get used to im sure dont let that influence your buyinglastly set up on my t68i was a breeze i paired it once and i never have to configure anything again nice job on the setup it comes with a manual but you wont need it,True,2003-05-16 19:23:29.000,portability
B000087KY8,4,,first the bad indoor no flash pictures are poor we took about 60 pictures this weekend for my brothers graduation about half inside with no flash and only 4 of them came out okay even the good ones werent particularly sharp when i reduced them to 800x600 we mostly took pictures of people any movement on the part of the subject or the camera made the picture very blurry guess its using a slow shutter speed to compensate for the low light though im surprised that its as bad as it is though this is the only digital camera that ive used so it might just be that i had high expectationsbesides indoor no flash shots this camera is great its pretty it has some weight to it which makes it feel more solid its smallit easily slips into a jeans or shirt pocket the lithium battery that comes with the battery is greatit lasts forever the camera comes with a charger i used the camera off and on over the weekend 60 pictures and didnt run out of battery outdoor shots are sharp and the colors are good the memory is pretty speedy i transferred over 100 meg worth of pictures in just a few minutes oh and since the battery is so good you dont need to worry about buying one of those special download hookups just plug the usb cable into the camera and start downloadingone thing that i particularly love being the computer geek that i am is that i can mount the camera as a usb drive under linux no special software needed i just mount t vfat devsda1 mntusb and copy the files over no hassling with windowsin summary if you dont mind using the flash for indoor pictures this is a great little camera well worth the money,False,2003-05-19 22:35:13.000,portability
B00005Q5WW,4,,when it comes to movies these speakers are amazing like being in a theatre all by yourself you can hear every word clearly through the centre speaker and the subwoofer can shake the house if youre not carefulhowever it is less than amazing for music as it is deficient in the tweeter category so your treble gets lostmovie buffs and gamers can rejoice music fans wont be ecstatically happy,False,2003-06-06 05:09:53.000,heating
B00005T3FO,5,,if you are wondering how to hook up your new dvdvcr to an older tv which still works fine then an rf modulator is what you really need to allow the connection of a dvd player to your older tv setyou plug your dvdvcr player into the rf modulator and plug the rf modulator into the coaxial inputit is like buying a new tv just less expensivesimple to install and very worthwhile mine is hidden up behind the tv you cant even see it is therethe rebecca review,False,2003-06-28 02:09:41.000,ease of use
B00009W3CR,5,,after purchasing a variety of wireless headphones and not having much success i happened upon this wonderful adjustable headphone that uses rechargeable nickelcadmium batteries includedyou can actually enjoy watching tv use your vcrdvd player or listen to your stereo without disturbing a single soulthe headphones rest on a transmitter that recharges the headphones after you plug them back in they are always ready for use and the batteries must last forever because so far ive not had to worry about the batteries wearing outyou can walk 125 feet away from the transmitter and still hear music unlike other headphones i tried this one only seems to pick up the sounds from the tv or stereo which is a good thing unless you want to hear conversations from who knows where it was very annoying with other brands i have tried in the pastthe headphones have soft earpads which allow for hours of comfortable listening you can even be in bed and lean back on a pillow and they are comfortableall you do is connect this system to your cd tv vcrdvd player or hifi or radiooccasionally while watching a movie i did have to readjust the tuning which is right on the headset there is a volume control and a place where you can plug it back into the charge unitstrangely you can also use this as a speaker if the volume is up high enough that might defeat the purpose but if you tv is close to a wall shared by someone who is trying to sleep this can be helpfullistening freedom even late into the night when you want to watch movies now the only problem is remembering not to laugh too loudly when watching comediesthe rebecca review,False,2003-06-28 02:27:01.000,durability
B000063EJX,4,,i was looking for an inexpensive cd player for the company car that i drive and bought this one on the recommendation of the dealerthe car only has the standard front speakers so it is a bit of overkill given the power of this player but even with the existing speakers it sounds fantasticthe detachable flip down front panel is a feature that got full marks from my more electronically minded coworkersattaching and detaching the panel requires practice as its not that easy to do especially when youre in a hurry its so uncool to have to use both hands to do it so ill continue to work on that aspectthe remote control feature was an added incentive to buy it and it comes in handy except when my son gets his hands on it and keeps repeating the same song over and over from the back seat hes two years old so that shows how simple it is to use the remoteit picks up radio signals from miles away and the increased choice of channels was an unexpected plusmy major problem with it is the lights this thing lights up like a christmas tree which at night can be distracting ive heard that you can dim them but havent had the time to read the manual to find out how until then i just flip down the front panel so they dont showdefinitely no regrets buying it,False,2003-07-19 11:35:23.000,ease of use
B00008RUXM,3,,this vcr seems to work perfectly except that itdoesnt play tapes that have been recorded on ourother panasonic vcr i just dont understand howa tape can play perfectly well on one vcr and notanother perhaps you know better and wont havethis problem,True,2003-07-27 19:14:32.000,storage
B0000C4M1V,1,,i have been using this card with my viewsonic v37pros speed 470mbitss 128bit encryptioncons if the card is inside it will drain your battery occasionally i have to cycle the power of the unit in order for the card to resetinstallation and connection to the network is very easy excellent performance,False,2003-09-06 08:46:56.000,speed
B00006JU62,5,,pros excellent quality exceptional feature listcons not good as your first digital camera it is big and heavyno matter what this camera will give you an excellent picture qualityif you dont mind the sizeit is one of the best cameras on the market,False,2003-09-06 08:58:01.000,Size
B00008LUMV,4,,i have dscf717 which is an excellent quotheavyquot camera i got a dscp32 for everyday use it has excellent pricequality ratiohowever it lacks some important features that you can find in more expensive models like a zoom the camera is very durable and an excellent choice for party pictures it is also an excellent present,False,2003-09-06 09:11:16.000,Price
B000093IRC,5,,very good quality and burn flawlessly at 8x on the nu tech drive paid 30 for 25 dvdrs very good price on amazoncom,True,2004-01-11 23:42:04.000,speed
B0000DF0OO,2,sound is good but design and firmware is very bad,i just bought this player for several days well the sound is good enough to me but the firmware and design is pretty bad button responses very slowly especially when you are playing a song the navigator system is terrible you have to navigate to return to get back to uplevel error tolerance is zero i have a mp3 file which can be played on my pc well i do have a problem to convert this mp3 file to a wav file but this play could not handle this this it stuck there and refused to work any more you have to turn offon the power to make it work again and you must delete that file from the player otherwise you will be stuck there again if you switch to fm mode switch back to mp3 mode and switch to fm mode again theres no sound any more it claims its firmware is upgradable but if theres no firmware at all this feature is nothing they even dont put the original firmware file on their websiteabout the design the joy stick is not very comfortalbe to handle by one hand the screw for belt clip is too short for the hole it can not secure the belt clip to the player firmly actully after i accidently pulled it off from my belt it doesnt work any more guess i have to buy a longer screw for that ridiculously theres a sports symbola girl running right there beside the screw hole how can it be designed specially for sportthese are enough for me ill never buy mpio again,False,2004-02-14 22:11:47.000,Bad Performance
B00005V14C,1,if you buy iomega products 5050 chance youll get a lemon,theres just no inbetween and this drive is no exceptionmy drive will connect and be recognized by the computer but it wont recognize any cds that are put in no matter what brand of cd it doesnt matter what software you install either its simply a hardware defect and if you buy one of iomegas cheap products theres just about a 5050 chance youll get a broken one if youre lucky youll get a unit that actually works finetake it from a network admin who has had to use many many iomega products over the years with about half being unusable dont buy this product unless youre a compulsive gambler and you just have to take every chance,False,2004-02-20 16:19:59.000,Bad Performance
B00005MNSS,4,,i am not a geek at all i just love this monitor it was easy to set up and is bright and easy to read i would recommend it to persons like myself who just needed to replace their old crts and wanted a monitor that took up less space and was easy to see and read the only problem i have is that i bought this monitor in december of 03 and it came with a 5000 rebate that i sent to envision on dec 18 2003 i have yet to get my 50 bucks it is now march 112004 if there is a any kind of rebate promised from this company dont expect it any time soonthankssusan from seaside oregon,True,2004-03-11 23:52:19.000,Late delivery
B00004SB92,2,,as others have reported quality is disappointing thought it was a good router at a decent price until it started breaking down regularly shows red diagnostic lightlinksys website indicates that company knows about the problem and will replace only if within warranty period technically within their rights but seems unethical to me they sold a defective product and arent taking the responsibility for itrecommend you avoid this and be careful about other linksys products,False,2004-04-05 01:52:30.000,Broken
B00005853Z,5,,i have been using computers for 20 year and this track ball for 3 years with the years most people will develop some pain from using the mouse i find this device to be an excellent replacement it will really minimize the movement of the hand and increase the comfortthere is some learning before you will be as fast as you can be with a mouse but it is well worth the efforthighly recommend the device,False,2004-05-14 22:06:37.000,ease of use
B000064189,5,,the is the most accurate gps i have ever testedit is a good overall unit,False,2004-05-14 22:18:54.000,ease of use
B00006IS4Q,5,,an excellent microphone that can be used for recording lectures and conferencespros good stereo sound quality very good directional modecons requires 3v battery it is not good for voice recognition,False,2004-05-14 22:33:01.000,Signal
B0000512VR,4,,i have been using this kvm switch for yearsvery well build no problems under windows 2000 and windows xpi did try variety of usb devices connected to the hub such as scanners hp amp cardscan keyboards microsoft and goldtouch hard drives cameras logitech and a cannon printer i never had any issues the only negative is that the switch can not be controlled from the keyboard,False,2004-05-14 22:44:34.000,durability
B000086TLD,4,,my need for this device was to extend signal strength in my new home i recently moved from california where houses are basically wood framed to a new larger home in florida where houses use blocks for outside and load bearing walls this heavier construction combined with the distance between my wireless router and where i use my computer severely degraded my signal and throughput i purchased this device to rectify that problem which it didinstallation including putting it in wireless range extender mode took mere minutes after unpacking it i was communicating with an incredible 100 signal strength in practically no time after setting it up which was a dramatic difference from the 20 strength before it was installed i did an experiment by walking outside with my laptop and was still connected to my home network with 80 or better signal all the way to the end of my propertyi like the fact that this device seems to interoperate flawlessly with other vendor products one of my systems has an smc wireless card and another uses a linksys my wireless router is an smcinstallation instructions were a bit sparse i am a highly technical user so i didnt need them but a novice may have problems since i have not needed to use technical support i cannot comment on the quality of dlinks supportsince i have not used this device as an access point i also cannot comment on how well it works in that mode however if you are seeking a simple and costeffective solution to extending the range of your existing wireless lan and have some technical skills this may be the solution you are looking for even though i am pleased with this product i rated it at four stars because i have not used all of the features or dlinks technical support and do not think the documentation is novicefriendly,False,2004-06-01 17:59:13.000,ease of use
B000095SB6,4,,everybody has an opinion and theyre all different i finally settled on a pair of mdrex51lp buds for my ipod the buds that come with the ipod are poor sounding and uncomfortable no matter how trendy it may be to have a white wires dangling from your ears i tried several different types and brands and settled on these they have a more balanced sound than the other headphones in the sub 50 bracket that i tested good bass clean highs and mids do they compare with premium studio cans no but neither do the price tag size or weight they block office noise at a reasonable spl and allow me to concentrate on my work without distraction i can still hear some outside sound if i keep the music volume low enough as has been mentioned before that can be a good thing theyre very comfortable i wear them for hours at a time on a daily basis i dont get the uneven cord length but it really isnt a big deal headphones are like operating systems there is no such thing as one size fits all get the ones that work for you and your audio device and dont start a holy war with someone who prefers something different,False,2004-06-03 02:25:18.000,Size
B00007KDVI,3,,installation is easy and performance is solid there are some nice features such as the ability to use this router as an access point that can bridge systems operating under the older 80211b standard 11 mbps as well as the blazingly fast 80211g standardit also comes with the usual features dhcp server nat and firewall i also like the fact that the wired ports are based on switching instead of shared as a hubhowever there is one major aspect of this router that you need to consider before purchasing there is a firmware flaw as of firmware version 2027 that exposes the remote administration feature to hackers who will attempt to exploit ports 80 and 443 worse turning off the remote administration feature does not close the vulnerability of ports 80 and 443 this vulnerability was reported widely by jason meserve in the 6304 nw virus and bug patch alert and a workaround was provided by alan w rateliff in a 43104 port to the security focus bugtrack list the workaround is to set the port forwarding to send ports 80 and 443 to nonexistent hosts rateliff further noted that forwarding the ports to any hosts including listening ones if you are actually running servers will override the default behavior he also recommended immediately changing the default admin and password before connecting this router on a live networkthere is another issue with linksys in general and that is the quality of their technical support which i consider to be poortomediocre depending on how lucky you are when dealing with themoverall this router has a lot of excellent features and performs very well the downside is the security issue cited above and my opinion that they have less than great technical support therefore if you are a highly technical user and can perform the workaround described above and can solve most common problems without needing linksys tech support youll probably like it however if you are a non or quasitechnical user who wants something that works out of the box and does not expose your network to security problems you may want to look elsewhere,False,2004-06-03 19:35:00.000,ease of use
B0001WPS9A,5,,i purchased this dvd rom device to perform a specific primary task as a backup device for my laptops i have three with some secondary needs such as transferring some of my older vhs tapes to dvd it meets all of these needs perfectlysetup is easy and the software that ships with it is perhaps not worldclass but does the jobinstallation and user documentation are clear and easy to follow however i have not needed to use the manufacturers technical support so i cannot comment on the quality of thatnote i purchased this device based more on price than features so if you are looking for a full featured dvd rom or one with more sophisticated software you may want to shop around and compare others on the market if your needs are relatively simple such as mine are and want to burn data music and video at an affordable price this model is a solid buy,False,2004-06-05 15:54:57.000,ease of use
B0001FV3C8,5,,i was using an older 128 mb flash drive as the file system for email on two older laptop computers this allowed me to keep my mail synchronized on my primary home system and the one i take on travel the problem was that i outgrew the 128 mb and since both of my systems were older circa 2001 laptops that used usb 11 and ran under windows 98 se none of the gigabyte flash drives would work with it all of the others required either usb 20 andor windows me or 2000this drive however is backwards compatible with the older usb 11 interface and a windows 98 se driver is available for download from the manufacturers sitedownload and installation of the new driver went perfectly it was literally done in a few mouse clicks i plugged the drive into each machine and it was immediately recognized by both my sony and ibm laptops i also tried this on a windows 2000 system and it was immediately recognized and assigned as a disk drive without driversnot only does this device work as advertised with no problems but it also leaves room for a second usb device on laptops that have adjacent ports my sony is configured like this my old flash drive required me to use an usb extension cable in order to have room to plug in my mouse so the form factor is yet another feature i like about this particular modelone final feaure i very much like you can encrypt files on this device and since i am using it as an email file system the privacy and protection this affords me is importanthighly recommended if you want a highcapacity flash drive that will work on older windows 98 se systems or just a reliable and easytoinstall flash drive for any system it will not work on windows 95 and below systems none of the flash drives of which i am aware will,False,2004-06-23 18:15:20.000,storage
B00003006K,2,works well while it lasts but dont count on long life,ive had two linksys products die on me shortly after a year a 4port routerswitch and now this 8port switch it works fine until it dies but thats like saying a stapler staples correctly its supposed tojust to note i run them in a very friendly environment no dust or heat or voltage spikes or any of that to blame for the problem also you can count me as an expert useri myself will never buy another linksys product again ill try out netgear dlink and other brands but goodbye ciscolinksys if you chooose to try their products caveat emptor,False,2004-08-30 23:21:35.000,Bad Performance
B0001WV6ZU,5,,i picked up this little beauty to replace both an ancient and cranky 5disc cd player and a single disc dvd player i now have breathing room in the old entertainment center so even my antique turntable can take a creaky spin every now and againseeing that i cant connect a toaster without help i called on my trusty better half to unravel the mystery of setting it up in nontechnical language aka plain english this is what you need to know about this mighty machine1 the manual needs a lot of work its neither userfriendly nor idiotproof ditto for the boxy silver remote2 it is easy to set up if you already know how to do that sort of thing we have component video connections to the tv and digital coaxial connections to the receiver3 it gives excellent sound from both cds and dvds with the benefit of 51 surround movies like master and commander can literally move you and cds have never sounded better4 it is as convenient as a 5disc cd changer as it is a 5disc dvd player except that when youre playing more than one cd youll need to put it in cd mode first5 it can easily play different types of media such as audio cds mp3s dvds and those other mysterious formats just put in the discs and play away6 the video quality is very good on a regular tv you can set up different predefined picture quality modes or customize to suit your own taste if youre a techie or a buff if you have difficulty making up your mind ignore this option7 the player is chock full of options but you have to explore for yourself which can be a bit confusing until you get the hang of it read the manual you say see item 1 above8 theres onscreen information for mp3s and photo cds with different views available for the contents groupsfolders or entire playlists9 i cant comment on the progressive scan feature since i dont have an hd or hdready tv yet still waiting for that lottery win10 it is supposed to play dvdaudio discs but you need 61 channel inputs on your receiver to play them unfortunately our receiver is lacking these inputs but then again i am also lacking any dvdaudio discselectronics buffs will probably say that it needs a bit of tweaking to get it to look and sound just right but it looks and sounds great to me all in all a very good player perhaps excellent when you factor in the priceamanda richards october 1 2004,True,2004-10-02 03:40:12.000,ease of use
B0002I7288,5,,strengthsgreat little unit for the high tech home load balanced internet connection options are great decent firewall good pnpweaknessesmake sure that you upgrade to firmware version 1374 the vpn for earlier versions is a little complicated to connect to from xp2000 clienti am using the rv042 and a rv082 to connect an office in the us with an office in east europe the vpn is working perfectly excellent performance very reliable,False,2004-10-14 19:33:14.000,durability
B0000ZI1FG,4,,good small business routerstrengthsload balanced internet connection options are great decent firewallweaknessesvpn is a little complicated to connect to from xp2000 client have to play with the ipsec settingsi am using the rv042 and a rv082 to connect an office in the us with an office in east europe the vpn is working perfectly excellent performance very reliable,False,2004-10-14 19:35:51.000,durability
B000067OHN,5,,it performs very well be careful with the driver installation you have to install the adaptec driver otherwise the system will recognize the adapter as a storage devicedo not use this for storage devices,False,2004-10-14 19:45:41.000,storage
B00007JRBM,5,,i did setup this adapter on a windows xp laptop for my daughtershe is using it with piano suite premiere software and a clavinova pianoexcellent compatibility,False,2004-10-14 19:48:45.000,durability
B00015X3J4,4,,pros very good videocons sound quality is not very goodwe are using several of those units for telecommuters it is excellent to have visual conferencing capability however frequently we disable the sound and use polycom phones for voice in the us the sound for some strange reason works fine for intercontinental connections adding external microphone can be helpful in some cases,True,2004-10-14 20:08:57.000,Broken
B0001IXUF8,4,,the one important thing to note when buying electronic equipment is that once you pop you cant stop every time you think that you have the perfect system something else comes along that you absolutely have to have which leads to something else and so on ad infinitumhaving bought new surround sound speakers we needed a new dvd player and then naturally a new receiver the weight of this system is a big plus being less than half the weight of our old one but the new ones not as aesthetically pleasing with those shiny silver buttonsleaning over the shoulder of my resident techie i can now advise as follows1 you cannot connect a turntable to this receiver there are no phono inputs not good for those of us who still have lps2 its dvdaudio ready for the audiophiles among us3 setup is relatively easy controlled by two buttons only a multi control button and the input selector button this can be irritating if you need to adjust the tone after you have finished setting up since there are no separate bass and treble buttons and you have to go through the setup menu again you can however adjust the level of the surround speakers and subwoofer from the remote4 no onscreen display available5 no switched ac outlets to allow you to plug in other components6 in addition to the receiver the universal remote can be used to control a tv tape dvd playerrecorder vcr cd player and the radio this reduces the number of remotes you need around you it has a weird shape that takes some getting used to and i still use my separate remotes guess old habits die hard7 input jacks on the front make connecting camcorders video games etc quite easy8 when listening to music or looking at a movie there are sfc sound field control modes which you can choose to enhance the sound environment for music there are six modes live poprock jazz etc and for movies another six action drama sports etc however to the untrained ear like mine i cannot detect a significant difference if any of these modes are selectedoverall the sound from this receiver is quite good very clean though it doesnt seem as powerful as my old receiver a technics sadx930 this could be due to differences in the calibration of the volume control but since i rarely play it at very high volumes this is a nonissue the centre channel seems a bit weak compared to the other channels but with so many sound options to choose from and customize it is very possible that i may have missed something and need to tweak it some morea very nice receiver for the price and featuresamanda richards december 14 2004,True,2004-12-15 14:08:36.000,weight
B0001WV6AK,5,,first i must thank the amazing friend who bought me this stereo for christmas not only does he tell me about the best music in the world he now sent me a stereo that plays music in the way i always dreamed music could sound normally my ears are too sensitive to listen to bass and this stereo has a little button on the front that turns the xbass on or off you can also do this from the remote control to customize your listening experiencefeatureshigh quality remote control you can change cds with the touch of one button change to tape or play random selections from 5 cds you can use the timersleep option and fall asleep to your most relaxing cdsquick start guide very easy to set up the stereo but i can promise you you wont want to leave home for hours after you start playing cds5 disc trays with disc number selections buttons and direct play button easy to change what you are listening to at the stereo or from the remotetwo impressive speakers total 240 wattsrecording capabilities record from the radio even if you are away or sleeping from tape to tape or even from several cds continuouslyextrasfront game terminal you can listen to the playback sounds of games or hook up your vcr or dvd player i plug in my cordless headphones when i want to take music anywhere in the housei rarely take this stereo above volume 7 but there are definite possibilities the sleep function is so comforting i fall asleep with a blue glow floating over me as i go to sleep the only funny thing that happened is i unplugged the stereo which seems to have changed the sleep setting i was woken up in the early hours of the morning by bono singing vertigo now that will get you out of bed fastonce i had this all set up i was in musical bliss definitely recommended for the stereo features to listen to the radio you may have to hook this up to an outdoor fm antenna i get a few stations but mostly listen to cdsthe rebecca review,False,2005-01-13 03:28:28.000,ease of use
B00009XBKV,5,,i was looking for a super fast solution and wanted to connect my computer to the stereo speakers the ministereo audio cable also can connect portable audio equipment with ministereo jacks35mm plug to a 35mm plugif you need to plug this into the game input on a stereo the arista 18002 y adapter 2 rca female to 1 rca male might work to split this back into a left and right stereo speaker systemthe rebecca review,False,2005-01-21 01:00:34.000,speed
B0000ANEZU,4,,the sony sdms73 is a very good monitor for the price i purchased a lower cost 17 lcd and was very disappointed as its display was not clear and had 2 dead pixels it went directly to ebay i purchased this monitor as a replacement for use with my mac ibookwhen i connected the sony my first impression was dismay and a feeling of de ja vu was this another bad product silver items in the mac os x aqua interface safari and the mail client in particular were tinted an ugly shade of pink ugh this product was almost returnedfortunately i ran the display color calibration and was able to correct all problems the default sony sdm73 profile appears to be off at least on my ibook with the version of mac os 103 that i am running run the display color calibration tool in expert mode and this is a good monitor for use with macs it may take 23 attempts to get it exactly right but the result is well worth the efforta note to those epecting perfection quality is not as good as apples lcd cinema displays do not expect the same clarity and quality as apples higher end cinema displays but given the price differential this is to be expected apple doesnt offer 17 lcd displays at presenti love the sony,False,2005-01-28 16:22:21.000,Price
B00021N27A,5,,for the price this portable cd player has excellent sound quality and extra features to make it perfect for outdoor sports or light jogging and walking the antishock protection feature really works and the backband headphones are comfortable to wear and seem to stay in place fairly wellthe cd player has a grip band accessory that also works for attaching this cd player to any belt loop i like the compact design and the simplicity of the features you can buy an ac adaptor for home usethe real beauty of this cd player is that you can use the program play feature to play up to 32 tracks in any order you wish this is a good feature if you want to listen to just a few tracks on any specific cd the program deletes itself when you turn off the unit you can also use the random play featurethe rebecca review,False,2005-03-12 09:01:33.000,portability
B00069IQG0,4,,i own a treo 650 and tried a plantronics bluetooth headset which was a awful experience bad comfort and bad sound quality i bought the logitech and have found it to have great sound for both incoming and outgoing it has 20ft range and the wind resistance works well if it was a little more comfortable after wearing for the long periods of time i would have given it a rating of 5,True,2005-03-27 06:39:36.000,Bad Performance
B0007LW2ZI,2,,i have an old olympus 21 megapixel c2100 it had a built in stabilization just like this minolta z5 unfortunately the builtin stabilizer option is about the only plus i can find for this minoltamy pictures that i take using my 21 megapixel olympus are night and day more vibrant in color than the ones taken with the minoltawe are returning this camera to get our money back we were excited about the stabilization feature as it is a hard feature to find in a camera but if it sacrifices picture quality then it is not worth it,False,2005-05-23 16:06:20.000,Bad Performance
B0002OZXHO,4,great product but do not expect apple to help you after you have purchased it,i just wanted to warn people of this before they are stuck in the same position i am inapple charges you for their phone support even if your product is within warranty after 90 days from the purchase date this is a big rip off you spend hundreds of dollars and within 4 months have to spend more just to have a little help with your productipods are great they saved my computer i am not denying this i just hate that apple can get away with ripping their customers off like thisbasically even if you are covered by warranty you had better hope nothing goes wrong after 3 months because they will not help you if it does,False,2005-07-11 21:57:15.000,charging
B00006HOKW,5,,this tripod is heavy duty allows for easy adjustments in many directions holds your tripod at a variety of angles is light and folds easily my only regret is not buying the 15 bag available seperately from amazon at the same time but ill get that with my next amazon order,False,2005-08-09 11:54:11.000,durability
B00062WV86,5,,i searched for a week to find the best price and ended up back where i started you cant beat this price if you want a 2gb card if you have a digital slr or a high megapixel digital camera you need lots of storage room i was once on vacation with a 512mb card and ran out of space because i forgot to offload to my laptop one night dont let that happen to you at this price who can afford not to have the storage space that you need when the perfect shot that peacock spreading its feathers your daughters first steps the look of suprise as you hand someone a gift etc comes around,True,2005-08-09 11:56:04.000,storage
B00009V3HV,4,,this is a great filter to improve your outdoor pictures the only problem is that the nikon lens cap that fits on my 1870mm lens wont fit on with this filter in place i was buying this not for improving pictures but to protect my lense but if the cap wont fit then im not going to bother using it on a day to day basis keep that in mind it does improve your pictures and i will certainly use it for landscape shots and nature photography but for daytoday use when im pulling the lens cap on and off it isnt worth the trouble,False,2005-08-09 11:59:28.000,Size
B0002EMY9Y,4,,i bought this for use with my coolpix 5000 camera because nikons tech support had recomended it they said it would improve my indoor shots because the cp 5000 has a terrible flash builtin but instead it overloads the shots and they come out mostly white i read the manual carefully and it looks like the reason is that this flash is built to automatically or manually focus the light for a 14mm to 70mm lense and the cp 5000 has a 72mm lense i subsequently purchased a nikon d70s camera 1000000 times better camera and this flash is great for extremely dark shots on that camera though the builtin flash is perfect for fill so this is really only for night shots and shots in darkness where i want to get something far away if you own a coolpix camera consider buying a used flash that isnt as powerfull if you own a d70s and want superior night photography this is the best flash in the world good thing i ended up in the latter end of the spectrum,True,2005-08-09 12:07:35.000,Bad Performance
B0009JPRE6,5,,the other reviews and the description seem to properly describe this camera i am writing this review to give you the perspective of someone who started out with film slr cameras in school then got a digital 5mp camera and have used that for years and am now finally getting into digital slr photography this is a big step back into the professional circle for me and im anxious to get out to the zoo or to some vacation spot in the mountains to do my professional photography once again i purchased this camera almost a month ago and my opinion is that it is the best camera ever made under 2000 this camera has everything you can needi want to warn you get the full set with the lense this lense sells for almost 400 and is about the best all around lense you can find dont go for the cheap models i wrote a list about this camera that may appear on this page for you to look at but be sure that you get the mll3 wireless remote for 20 how can you go wrong and a spare battery 2000 pictures sounds like a lot and i havent needed to recharge in this month that ive had the camera but remember that when you go on a trip you may forget to recharge and you dont want to get stuck also get a tripod try the slik tripods u9000 i wrote a review of it and i find it to be the best buy around for a lightweight tripod that acts like a much heavier one and get a carrying case the jury is still out i havent found one that i like i want one that will hold two cameras 4 lenses a large flash and a bunch of accessoriesif you arent sure if the d70s is worth the money over the d50 or the d70 it is the improved autofocusing system is much better than the others and the larger lcd is worth all the tea in china i leave the lcd protector that came with it on and have no problem seeing my pictures even outside although this is a larger camera than the d50 it isnt much of a difference and you will regret going with the cheaper cameraif your budget was lower save up and buy this camera i bought a coolpix 5000 a few years back and always kicked myself for not going with the d100 now ive gone with the best camera on the market and im perfectly happy plus i have the satisfaction of knowing that none of my friends can show me a better camera unless they spent 4000 or more on a d2x or d2h and none of my friends can afford to do that,False,2005-08-09 12:49:20.000,ease of use
B0006Q7FFG,5,,these work as advertised they take crappy sounding bassless ipod stock earbuds and make them sound at 100 better mainly more bass dont get me wrong your not going to get audiophile quality here just much better i had to bump up the mid to highs via the eq on my ipod to even things out for the price it was well worth it the little carry case they give you is darn handy also,True,2005-08-12 03:04:07.000,portability
B00021MX1Q,5,,i needed a small system for my office i wanted removable speakers good sound at all volumes and a sleek look this system filled that void i searched for about a month to get it and there is nothing less than fantastic about this system even the pricein terms of sound i can understand music at all volume levels many cheaper systems distort at low levels and at high volumes it sounds great i cant use it at high volumes now that ive taken it to work but i am thinking about buying another for my living room at home run the output of my family room stereo and ill have a system that sounds good in both places for partiesin terms of looks this system is very cool i tried to downplay it by placing it behind my desk on the shelf where i keep my food so that people wouldnt question it because small stereos are allowed but not everyone likes us having them despite my attempts to blend it in ive received several complements on the way that it looks silver casing and a sleek design are just the basics this system features a blue backlit display that looks greati thought that the dvd option in the stereo meant that you could play mp3s on dvd a great idea for someone who wants to never have to change cds but in fact it meant that the system is a dvd player and it has a video output to connect to your tv thats a nice plus i havent tried the mp3 idea yet so it may or may not support themthe stock antenna is terrible but so are most stereo antennas ill buy a new one soon the other downside is that you cant switch between presets without the remote you can change the station but not using presets but with 30 fm presets ill never run out the only thing that wasnt obvious about the setup is that the disk buttons disk 1 disk 2 etc on the stereo are the eject buttons not the select buttons like most other stereos overall this is a great design for a great stereo i used to work at a radio station as the engineer and now i wish i had this back then because i could blast music in my office and really utilize the system the way it was meant to,True,2005-08-16 13:04:40.000,portability
B00067V1TG,5,,this is a great gadget and it really works a little arm swings up to accommodate the battery you place it between the two points and the easy to read display tells you instantly whether you have a dud or if you can eke out another few minutes of battery life best of all it can fit in your pocket so you take it anywhere you have battery operated equipmentone side of it handles aa aaa c and d batteries and on the other side there are two buttons for testing those pesky 9 volt batteries so youll have no more tingling tongues from the old fashioned tongue between the terminals checking methoddont expect any fancy packaging or even the same color as advertised mine is a dull yellow but if you have kids andor lots of battery operated gizmos and gadgets youll need one of these and at the price why notamanda richards august 17 2005,True,2005-08-18 03:14:56.000,portability
B00007E7JU,5,,good1 very cheap2 pretty fast lens even in low light light small3 excellent depth of field4 made in japanbadnothing actually except maybe it looks not as sturdy as its big brother 50mm f14 but hey it cost 4 timesmy advice buy this and get cheap uv haze to protect it from uv weather dust and scratch i got tiffen 52mm uv haze filter for 589 smart investment for my 70 lensits a must lens for everyone who has canon slr,False,2005-09-07 18:04:07.000,speed
B0002OD3JY,5,,after spending around six months scouring various digital camera reviews online and through magazines i finally decided on the canon powershot a95 5 megapixel camera as offering the perfect marriage of power and portability my first digital camera i bought it as a goingaway present for myself since i was spending the summer living and working in spain and knew that i needed a camera that could keep up with my travelsit was a snap to take out and set up and intuitive enough that a couple of cursory glances at the quick start guide had me well on my way to pointing and shooting the camera comes with a usb cable several software programs a 16 mb compact flash card of course youll want to invest in more memory as soon as possible with the highestresolution photos consider a 512 mb or larger card batteries and a wrist strapi would rate the camera as midsized it is not waferthin but neither is it absurdly bulky or heavy for most of my traveling around spain i simply slipped it into its bubble wrap and into a soft fabric bag where it fit comfortably in my purse the design is comfortable to shoot with over long periods and i found the layout of the buttons to be intuitive less is more there are few external buttons shutter onoff menu and related buttons and most controls are carried out through the onscreen menus the flipout lcd screen is one reason i decided on this canon over others in the powershot line it makes previewing photos a snap and can be swiveled 180 degreesthe photo quality i kept it on large superfine is astonishing clear sharp vibrant photos check out some of my uploaded photos using the canon a95 in truetolife tones with minute detailing there are various shooting modes including manual macro panoramic with stitch assist software nighttime slow shutter and more and a movie mode that captures brief jerky videos with tinny sound this isnt a camcorder so i wasnt surprised that video quality wasnt better since i bought this primarily for photosyou will also want to invest in a few basic accessories rechargeable nicad batteries and a rapid charger a sturdy case and a bigger memory card for starters although the included software is capable enough to get the job done consider upgrading to adobe photoshop elements around 90 or if youre a pro adobe photoshop cs 2 several hundred dollars an excellent first camera with plenty of power and a reliable name,False,2005-09-11 13:14:50.000,portability
B0009N7OKW,5,,the mouse is not black like the picture instead its a shiny gray and its really a nice i have had several comments about its appearance and how it stands out from the rest the mouse is great and is very sensitive to touch so it responds quite well at high speeds i would definitely recommend this gadget to anyone who loves a quality goodlooking mouse with great battery life,False,2005-09-19 23:36:25.000,speed
B0001M2FYQ,4,,very nice sound better than the philips product of similar price however some deficiencies make it a bit disappointing 1 no digital volume control so you cant set volume level for an alarm and there is no progressively louder alarm 2 as someone else noted if you want 2 alarms at 2 different times eg 5am 6am they need to be on different music sources eg 5am radio 6am cdid still recommend it if the features dont make a big difference to you since the sound is good and everything works well,True,2005-10-09 14:17:37.000,charging
B0001H9L8O,4,,nothing fancy but a great choice if what you want is a good solid optical mouse without a wire good for younger hands i bought it for a 7year old boy,True,2005-10-09 14:23:06.000,ease of use
B0009B0IX4,4,,definitely a good buy especially as the price keeps dropping excellent sound i have it paired with a razr and it was fairly straightforward after i carefully reread and understood the instructions i wish they had made it easier to fold and put in a pocket and also that it shut off easily like some of the moto models also note that if you use the little foam tip for the mouthpiece it can fall off way too easily,True,2005-10-09 21:36:32.000,ease of use
B0007OWNC2,3,it does extend range if used with a rangemax router or wap but its not spectacular,yes it does work meaning if you get the rangemax router or wireless access point the pair of them do give you better range than for example a netgear wgt624 router with a wgt511 card and other such combos that ive tried its a bit erratic the signal level fluctuates which seems to me to be a software algorithm problem i hope they can improve it further but for now its meeting my needsa bit more detail i have a large house and the networking stuff is all at one end never mind why so at the other end of the house the wireless signal would fade to nothing with this rangemax combo i can now get an adequate signal 2 bars where i used to get nothingso dont expect too much but also dont be daunted by the bad reviews its worth a try as you know every building is different so as they say in another context your results may vary,True,2005-10-19 00:52:00.000,Signal
B00024ENES,5,,targus tcg417 17 citygear los angeles notebook caseas others have said this is a welldesigned and wellconstructed case it is great if you want to carry a 17in laptop some cds dvds a few books magazines etcgo for it if it meets your specs,True,2005-10-19 01:01:33.000,portability
B0007WIC1K,1,,i bought this camera after having one of the mavicas for several years thinking of course that sony has improved upon their features and design i was very very wrongthere are several things about this camera that make it seem cheap and quite returnable1 battery the batteries rechargeable aa type must be removed from the camera to be charged this is the most cumbersome task for the price of this camera2 lenses for any other lens you must use a large plastic ring that attaches not to the cameras lens but to the camera itself any type of wide angle lens ive tried several causes the edges of the socalled adapter to actually be in the photographs this is a very useless and cheap ploy by sony to make this camera versatle with the plastic ring and then with your desired lens it makes the camera look like a toy this is not my first sony it is quite an embarasing thing to see and use3 flash recharge the mavica never had this problem it takes about 710 seconds for the flash to recharge this is again a very embarassing thing about this camera to have your friends sit there and wait for that spontaneous snapshot kind of loses the moment when im watching the flash recharge indicator blinkblinkblink rediculous4 zoom you cant zoom in movie mode this is the dumbest thing about this camera you cant zoom in movie mode touted with such a great zoom and well nuff saidmy initial impression was that this camera would be a professional highquality sony product however due to the curious shortfalls of basic features i was very misslead by the hype over this camera there are other issues 50 of all photographs even in good light or on a tripod are out of focusand of course theres the classic sony snapshot delay those of you with sony cameras will know exactly what i mean youd think that after 78 years of this that they would fix that nope in fact on this camera its worse i cant tell you how many pictures of the ceiling or the floor or someones foot i have taken because of this dear sony fix this problemi feel sorry for sony over this camera it should be about 199 when you compare it to the features and design of competitor cameras glad i kept the boxps i just heard that the dscf828 their brand new 8mp camera was suddenly discontinued with no explaination perhaps they are finally rethinking or thinking about their design and usefulness,False,2005-11-02 16:47:19.000,Bad Performance
B0001GZ87I,3,,ltlttargus cvr400 15 citylite notebook casethis is very nice if what you want to carry with you is a 15in laptop powercord small mouse plus some paperwork theres no room for anything more its not really made for stuffing extra stuff even an extra paperback might be a bit too muchi find it just a bit too small for my use id have liked it to be a little bit fatter so i can carry some extra stuff like a book pill bottles and suchone criticism the strap is ok but not as comfortable as youd ideally want i found it handy to take the strap off my old lands end canvas briefcase and use that instead,True,2005-11-05 18:41:05.000,Size
B00007KDVI,3,,i bought this router after my belkin router died set up was very easy however a few internet sites would not load tmobile which is a problem because that is our cellular carrier and a couple more about half of the page would load and then nothing after contacting tech support not much help on this i upgraded the firmware nope still the same this seems to be the issue with version 5 of this router earlier versions seem to be fine according to the research i did i returned it and bought a dlink and so far so good i really liked this router but if i cant go where i want on the net then why own it,False,2005-11-28 04:02:14.000,Bad Performance
B0002GS4Y6,1,,this is the worst mouse ever while it feels great in your hand and i wish more mice had rubber on their body the functionality is horrid when you move the mouse it takes 1 to several seconds before the mousereceive wakes up this happens every time you stop moving the mouse not after a while of sittingi called their tech support all they would do is tell me to use newer and different batteries so i yelled at them and they sent me another set and it did the exact same thingi want a mouse that moves when i move my handwhats worse when the mouse actually does sit around for more than 30 seconds maybe a minute didnt time it but not long at all then it really goes to sleep and you cant make it move at all unless you click one of the buttons what sucks it sends the wakeup button click throughso if you left your mouse on buy now on a thousand shares of x to think about it and research it and decided not to buy it you are screwed you cant move the mouse off the button and clicking the button to wake mouse up will pass the click through and press on the button for you,False,2005-11-29 21:03:26.000,Bad Performance
B0000AFX1R,1,,this is the worst mouse ever while it feels great in your hand and i wish more mice had rubber on their body the functionality is horrid when you move the mouse it takes 1 to several seconds before the mousereceive wakes up this happens every time you stop moving the mouse not after a while of sittingi called their tech support all they would do is tell me to use newer and different batteries so i yelled at them and they sent me another set and it did the exact same thingi want a mouse that moves when i move my handwhats worse when the mouse actually does sit around for more than 30 seconds maybe a minute didnt time it but not long at all then it really goes to sleep and you cant make it move at all unless you click one of the buttons what sucks it sends the wakeup button click throughso if you left your mouse on buy now on a thousand shares of x to think about it and research it and decided not to buy it you are screwed you cant move the mouse off the button and clicking the button to wake mouse up will pass the click through and press on the button for you,False,2005-11-29 21:10:50.000,Bad Performance
B0002RRVQW,4,,hewlett packard photosmart m407 is a nice little digital camera that is small enough to fit inside your pants pocket this camera is one of the best buys around among cameras with greater than 4 megepixels and while there are better cameras on the market this is a very nice one for the moneymy favorite qualities of this camera are its size its ease of use and its sharp resolution pictures can be taken in vga lowest quality or in 2 mp or 4mp resolution these higher resolutions are going to eat up more memory but they produce sharp clear photos for everyday picture taking i have found the vga to be just fine but for someone who is more experienced as a photographer the 4 mp setting is needed to produce the sharpest images the ones you get with this camera at that resolution level are very good but you need to keep in mind that the memory without buying a memory card is capable of storing only about 10 images at this level lower the quality to vga and you can store about 160 imagessome of the disadvantages of this camera include its video capabilities and the placement of certain buttons and controls the video is offered with an mpeg format and it produces images at 30 frames per second its quality isnt very good and i recommend it only to people who really needwant to take a video and have no other alternative i dont like the placement of the video and picture shutters on the top of the camera either the picture button is larger than the video shutter like it should be since it is used more frequently but the picture shutter is placed to the left of the video shutter on the top of the camera the picture shutter is used more and it should be on the right side because to most people your instinct is to press the button furthest to the right i cannot count the number of times i have accidentally pressed the video button by mistakethis camera comes with batteries two usb cables a strap a user manual and hp image software this software is nice because it helps new photographers organize pictures and upload them into a pc the other additions are expected with a digital camera but they help aid in the usability of this electronic deviceoverall hp photosmart is a good digital camera for the money and it is one of the few that offers more than 4 megapixels at such a low price it was the first digital camera i ever purchased and i havent regretted making the buying decision,False,2005-12-22 00:16:57.000,portability
B0001M4E72,1,,i recommend avoid this item is poorly designed its very uncomfortable the earhook is odd and stiff there is no soft cushion against the ear the volume is poor and cant be adjusted much and the cord for some odd reason comes out on the inside of the mike boom whose brilliant idea was thati cant explain all the great reviews which induced me to buy this so i wont even tryconsider the m175 if you want a really nice headset at a reasonable price,False,2006-01-25 21:09:13.000,Bad Performance
B00007IFMJ,5,,i would not hesitate to purchase from this seller again timely delivery and exactly what i saw on the website,True,2006-02-23 17:34:53.000,speed
B0002XN68I,5,,this is the best ipod case available it comes with a screen and clickwheel protector so the entire ipod is covered by the case the case is made of thick semihard but pliable plastic ive dropped my ipod a few times with this case on and there were absolutely no problems the case almost acts as a shock absorber you can use all accessories cords etc except the dock with this casemy only complaints are that it does pick up lint occassionally but nowhere near as much as some of the other plasticsilicone cases and that the case is a bit sticky so you cant slide it into your pocket that easily but this is also a good thing as you can put the ipod on the car dashboard table etc and it wont slide around,False,2006-02-28 16:03:13.000,durability
B000B6756A,4,,we bought this as a gift for our son to keep him occupied on long car trips and while traveling it is compact and light enough to tote around without breaking your shoulder and comes with accessories for playing in the car an ac cable and also has a rechargeable battery for wireless viewing anywhere it even comes with a remote but not a pretty onefor adults this is a great little gadget it never gets into a snit over bumpy roads or potholes and with your headphones on it can give you hours of viewing when you8217d rather be alone the screen even swivels around for the best possible picture in cramped situationsfor kids however there are some things you should note1 the silver finish gets scratched and dirty quickly2 the power is controlled by a slider button which doesn8217t feel as sturdy as it should 8211 ditto the button to open the section where the dvd goes3 the button to open the player is right in front where little hands can accidentally press it while in use4 on the right hand side there8217s a button to choose the dvd format this often slides to the other side when taking it out of the case and fools you into thinking that the player isn8217t working5 our video display stopped working on day 2 until we reset it by unplugging the player without turning it off and then plugging it in again6 the control buttons on the player itself are not very user friendly and i still have no idea what some of them do but i haven8217t needed to use them so far anyway7 you can8217t play old or scratched discs as these will damage the player i don8217t know about you but most of my kid8217s dvds are scratched and batteredpicture quality and sound are good as is portability overall this is a very convenient dvd player for traveling or commuting but one that requires care and attention to work properlyamanda richards march 1 2006,False,2006-03-02 02:31:38.000,portability
B000A6PPOK,5,,my decision to purchase this keyboard was based on a glowing review by someone that had been using his keyboard for a few months i was seeking a keyboard that was quiet and ergonomic fatiguediminishing and userfriendly my old hp keyboard after 4 years of daily use had become so clattery that it was a nuisance plus id worn the lettering off several keys this new keyboard though not whisperquiet is definitely quieter it took 2 or 3 days to get used to the different hand positioning and smaller enter key but was a breeze to adjust to im hoping now to find a quieter mouse would recommend this to anyone using a keyboard for several hours each day and in need of the relief provided by a softtouch keyboard and quieter keystrokes,True,2006-03-02 20:39:43.000,ease of use
B0006GDC1M,1,,was not compatible with my logitech peripherals even though my connectpro kvm switch worked fine i guess i have to stick to usb 10 for now,True,2006-03-11 20:38:43.000,Broken
B0009XQPGQ,4,,i love my new camera it can go with me anywhere because it is thin and light and oh so attractive it also is easy to use and takes great photos the basic functions are well laid out and intuitive to learn but there are alot of subtle features that take some figuring out i wish the complete user manual was actually printed and not provided on a dvd you may want to print out the darn thing so you can study it at leisurethe screen is hard to see in bright sun but that is true of all cameras i was also impressed how much i was able to capture using the low light setting and no flssh am still playing with the best shot features and some of the options like sepia and black and white the nice thing about that it shows the image with the tint or in black and whiteall in all i am a happy camper this camera is all that i need for a long while,True,2006-03-25 20:08:34.000,portability
B0009N5MDI,5,amazing sound quality comfort and no breakage edit ok they did finally break,i got these for a good deal after rebate and was worried about the breakage problems i read about but for the price i couldnt pass them up ive had them for about 3 months now and i must say i love them i havent seen any evidence of cracking i believe that the problem has been fixed or perhaps i got lucky either way the quality seems great to me both build and sound i use them at work with my computer and its great not to have to deal with tangled cords the batteries easily last for a full 89 hour day and i definitely get a lot of questions about them from people around the office overall id have to say if you can get them for under 50 after rebate you really cant pass these upedit the headphones finally did break after about 8 months of daily use logitech sent me a replacement pair which was really easy no hassle great customer service which worked well for about 4 more months and then the headband broke on those as well when i called for another replacement pair they told me that they were discontinued and instead they would just refund me what i paid for them all in all id say they were a great deal but minus 1 star because they are pretty flimsy id actually change the star rating if amazon would let me but i cant,False,2006-04-13 16:55:38.000,Broken
B0002H0DGW,5,,clear crisp notes dipped in acoustic perfection listening to music on the akg acoustics semiopen headphones is like falling in love for the first time you may start to feel breathless as notes wash across soundscapes unveiled in moments of sheer amazementwhat beauty these headphones reveal every note is placed perfectly in a musical clarity revealing a perfect harmony and depth as sound swells and breaks and takes off in all directions like universes of soundthis is not an exaggeration but rather an admission of fact lets just say that if a friend gave you these you would love them foreverif headphones can make you feel weak in the kneesthese will the akg headphones are also surprisingly comfortable and lightweightmy personal favorite k240 studio quality sound advanced varimotion transducers superior sound detail and especially high sensitivityk271 studio quality with ambient noise isolationk301 powerful bass and specially tuned drivers circumaural ear cupsthe rebecca reviewin some sort of dreamy music land from which i dont want to return,False,2006-04-19 11:23:36.000,heating
B0006G332A,3,,i just started using my camera yesterday and my first impression is that this thing seems very fragile hope i dont drop it as it might not survive the fall it is extremely small light and compact think of two packs of cigarettes or two packs of playing cards it is that small great for travel due to the light weight and compactness got it for about 90 on sale would hate to pay more than that for it very easy to operate but if you have big hands this will be too small for you be warned that it wont take more than a couple minutes of video without a memory card so youll have to put a little more money into it if you really want to do video or really much of anything the first video i took came out pretty decent but it was in good light i tried some still shots inside at night and they came out very dark in spite of the flash the flash doesnt seem adequate so this is probably a camera best used outdoors or in the daytime great camera for a kid this is a good camera for small hands and a great size for kids if they break it or lose it you arent out a bundle as another reviewer pointed out it does only take video in the asf format not mpeg as the advertising suggests i think mpeg might be just music files i didnt need to install the software to capture the pictures or movies on my computer windows xp another great thing is that this is a complete package it has the camera a carrying strap a carrying case usb cable tv cables headphones battery battery charger and software it does not come with a lens cap and the cap is not available either you can buy an optional tripod for it and with the small size i think that could be useful in some situations to help hold and stabilize the camera i am not sure how you store music on it i probably wont use that feature but it seems like it would be a nice compact music player again youll need a memory card to save much of anything on it one problem i had so far the memory card which you have to buy separatelya standard sd card slips in the bottom under a little rubber membrane the first time i held the camera i accidentally popped out the card and lost the shots i was trying to take this might be a problem and i am thinking i may have to put a piece of heavy tape over the bottom to hold the membrane and memory chip in place and prevent ejecting the memory again another downside that i see is the battery you cant just pick up some spare batteries at the corner store and pop them in you have to use the special rechargeable battery if you dont have a spare one charged up your camera will go dead and youll have to wait until you can plug in the charger and recharge the battery thats another 20 for a spare battery my digital camera uses standard aa batteries so i can use either rechargeables or regular batteries if this camera used regular batteries it would make it larger and heavier so the small rechargeable does help on the weight and size dont buy this if you are a serious photographer buy it for occasional use for easy portability and as a first camera to learn on controls are easy and straightforward nice camera for the money but not for serious photographers it does a lot for a tiny little thing sure doesnt make me want to go back to the days of huge video cameras that you had to hold on your shoulder due to the weight minaturization can go too far and this is about as small as i would ever want to go might be easier to use if it was just a tiny bit bigger,False,2006-04-27 19:42:29.000,durability
B000EH8K8S,4,,its not listed in the product description but the pico works with the ipod mini too like the other reviewers i found it easy to setup tune the radio turn on ipod connect the pico tune the pico done in my car the static interference was less noticeable when the unit was placed in close proximity to the radio i noticed this as well with my home stereo maybe the next generation pico needs a larger antennae or my ipod needed charging regarding sound quality my other car has a builtin ipod connector the pico sound quality is comparable somewhat muted but enjoyable the pico does offer the advantage of displaying the ipod menu to select tunes ive read mixed reviews on other fm transmitters but i am pleased with the pico,False,2006-05-08 02:36:23.000,ease of use
B000BWRK2S,4,,update after a month6206 xm setup on this unit was a real pain i have 2 other xm radios so tried to add this one to my account online no go you have to call to activate this which means they charge you a 1499 activation fee it is 5 less online and sometimes they dont even charge it calling xm is an exercise in frustrating voice response menus which wont let you activate the traffic service anyway so just cut to the chase and say operator loudly several times at the outset and save yourself some time and aggravation it took 2 days and 3 calls to get the radio activated and workingsecondly do yourself a favor and toss the card about the 3 free audiblecom ebook downloads first of all you have to give them your cc info then you dont get 3 ebooks you only get one real ebook you get one credit and many books are more than one credit they also give you a 30 minute speech by some guy whoopie doo so you get 2 downloads they also dont tell you you have to download their player even to download anything i figured that out finally after 5 tries the player has crashed twice ive heard 5 minutes of audio if you actually want to transfer the ebooks to the 2730 you need to hook the unit up to the pc and make sure the pcs connected to the internet its all too spywareish for my tastes i cancelled it immediately but i regret ever signing up for the servicei am very pleased with the gps the routing is good and screen is bright and has nice graphics i did not think id like the 3d view but i do very much you can add your own points of interest which i have had to do a lotthis area is growing so rapidly that many things are missing from the database the traffic function of the xm radio is fantastic unfortunately the coverage is very limited only 2 roads in my county have any coverage and it is only a few miles of eachi love the mp3 player and the remote is extremely handy the xm radio is not nearly as fullfeatured as my old unit i am used to being able to punch in the channel number you cant do that on this unit the other thing i really miss is the favorite song feature on my old xm radio where it alerts you if a favorite song is playing on another channel and that is not available on this unit the fm transmitter is a lot weaker than my old xm one also i often have static problems i do live in the dc area but i had no trouble with the old radio i really wanted the mp3 traffic and weather features i just didnt expect the xm radio to be so disappointing,True,2006-05-10 22:19:44.000,graphics
B000E158D4,5,,i originally was going to buy the canon s80 but then i thought about it and realized if i am going to actually drag this thing around i want it to be small if it doesnt fit easily in my pocket i am either going to lose a clunky bag or leave it at homeits not going to give you the best photo quality but they look great to me and i want the convenience,True,2006-05-25 18:05:31.000,Size
B000BWACX2,2,,i used it for a few days before sending it back too much static once i found a good clear station i would drive and the station would get full of static definatly needs more signal strength worked crystal clear when i went through a tunnel,True,2006-05-27 15:20:11.000,Broken
B000234SLW,1,,id advise against anything from this manufacturer my experience is that their products are shoddy made with cheap components and therefore dont last first you get increasing noise then you get intermittent cacophony then you get a failing diskif you want recommendations ive been happy with maxtor and western digital products,False,2006-06-05 18:19:43.000,Bad Performance
B00004Z0BN,5,,the sound is wellbalanced and very smooth in fact i couldnt really improve the sound using the itunes equalizer its just fine with the equalizer set to flat at a very low volume level i did use a slight bass boost which is normal procedure for most any headphones or speakers these earbuds come with a handy case and are remarkably good and very easy to listen with theyve got a permanent home in my travel kit,True,2006-06-06 17:04:14.000,portability
B000DZM4TC,5,,for the price this camera works pretty darn well my routeroffice is at the end of the house furthest from the front on the first floor and i wanted a camera on the second floor up front to view my front lawn for when people come and i dont hear the bell and for the damn annoying neighbors that mess with my things watching to see who is going to mess with my garbage cans as i write this and it is working great the refresh rate at 640x480 is far bettern than i had expectedthe picture looks pretty good but while i can see individual leaves on trees i can understand why one would have a hard time recognizing someones face unless you knew them not the clearestsharpest picture but certainly good enough to see what is going onit is also true that as soon as it starts to get dark and i mean just starts to the camera becomes useless i have also not found any other way of viewing the cameras output than through the activex component but i havent tried too hard yet eitherhowever configuring the camera was very easy you connect it using the wired network port you can connect this camera wired or wireless which i think is something they fail to advertise enough you go to the 192somethingsomethingx site of the camera tell it to use dhcp change its ip address set up your wireless setting and wap and you are set you can unplug the camera from the network and power it retains the settings and you are seti have it hanging upside down from the ceiling of my window using a magnet pretty lightso if you are looking to recognize peoples faces from across the street this isnt for you if you just want to see that there are people across the street then it is great i got more than i expected well worth the money guess it is all in what you expect,False,2006-06-26 16:06:59.000,ease of use
B00005T406,5,,it takes a day to get used to the marble mouse once you do you will wonder why you didnt get the marble mouse sooner it is much easier to flick or roll your finger across the marble to move the cursor as opposed to your whole arm and wrist with a traditional mouse it even makes playing a first person shooter game easier at this price it is well worth trying i have 4 for the computers in my house i have even purchased 3 for other family members and they too find it a much improved device over the normal mouse,False,2006-07-08 01:39:08.000,ease of use
